type_stress,stress_treatments,type_ncRNA,nameOf_nc,methods,species,expression,title,PMID,sequence,pre-miRNA-secondary-structure,mature_sequence_mi,sequence_for_fold,rnafold,chr_id,start,end,strand,tissue,NCBI accession/Target_gene,type_of_lnc,description_of_lnc,mature_start,mature_end
abiotic,Salt,miRNA,tae-miR159a,"Gel Blot, qRT-PCR",Triticum aestivum,up-regulation,Novel and Mechanical Stress-Responsive MicroRNAs in Populus trichocarpa That Are Absent from Arabidopsis,15994906,GUGGAGCUCCUAUCAUUCCAAUGAAGGGUCUACCGAAGGGUUUGUGCAGCUGCUUGUUCAUGGUUCCCACUAUCCUAUCUCCAUUAGAAUACGAGGAGAUAGGCUUGUGGUUUGCAUGACCGAGGAGCCGCUUCGAUCCCUCGCUGACCGCUGUUUGGAUUGAAGGGAGCUCUGCAU,(((((((((((.(((.(((((...((((((...(((.(((.(((.((.(((.((((.(((((....((((...(((((((((............)))))))))...))))....))))).)))).))).))..))).))))))..)))).))..))))).))).)))))))))))..,UUUGGAUUGAAGGGAGCUCUG,UUUGGAUUGAAGGGAGCUCUG,.....................,,,,,,MYB; Asparagine synthase; (1-4)-b-mannan endohydrolase,,,154,174
abiotic,Alkalinity,miRNA,tae-miR159a,"Gel Blot, qRT-PCR",Triticum aestivum,up-regulation,Novel and Mechanical Stress-Responsive MicroRNAs in Populus trichocarpa That Are Absent from Arabidopsis,15994906,GUGGAGCUCCUAUCAUUCCAAUGAAGGGUCUACCGAAGGGUUUGUGCAGCUGCUUGUUCAUGGUUCCCACUAUCCUAUCUCCAUUAGAAUACGAGGAGAUAGGCUUGUGGUUUGCAUGACCGAGGAGCCGCUUCGAUCCCUCGCUGACCGCUGUUUGGAUUGAAGGGAGCUCUGCAU,(((((((((((.(((.(((((...((((((...(((.(((.(((.((.(((.((((.(((((....((((...(((((((((............)))))))))...))))....))))).)))).))).))..))).))))))..)))).))..))))).))).)))))))))))..,UUUGGAUUGAAGGGAGCUCUG,UUUGGAUUGAAGGGAGCUCUG,.....................,,,,,,MYB; Asparagine synthase; (1-4)-b-mannan endohydrolase,,,154,174
abiotic,Heat,miRNA,tae-miR156,qRT-PCR,Triticum aestivum,up-regulation,Diverse set of microRNAs are responsive to powdery mildew infection and heat stress in wheat,20573268,UCCUCUCUCUCUCUCUCUCUGCGUGUCGACCGUCUGCUGUGUCCGAUGGGAUCGGUCGGGGGCUGCGGUGGAGGGUUGAUGAUGGUGCGAAUGGCUGACAGAAGAGAGUGAGCACACAGCGGCAGACUACGUCUGGUAAAGAGGACGGAUGGAUGCGAAGAGAGAUAUAGACGCAGCUGCUGUUGCGUGCUCACCCUCUCUCUGUCAGCGUUCCGCCAUCAAUCAAUCUAUCCAUCCAUCUCCCCUUGCCGUUCCCAUCGCUUCGCAGCUCGACUGCC,....................(((.(((((......((((((..((((((((.((((.(((((.((.(((((((((((((((((((((.(((((.((((((((((((.((((((((.(((((((((.((.((((((..........((........))..........)))))).))))))))))).)))))))).)))).)))))))))))))))))))).)))))))).))))))))...))))).)))).))))))))...)))))))))))))).,UGACAGAAGAGAGUGAGCACA,UGACAGAAGAGAGUGAGCACA,.....................,,,,,,Squamosa promoter-binding protein-like10(SPL10); Squamosa promoter-binding protein-like11(SPL11),,,96,116
abiotic,Heat,miRNA,tae-miR159,"RNA Blotting, qRT-PCR, miRNA filter array",Triticum aestivum,down-regulation,Diverse set of microRNAs are responsive to powdery mildew infection and heat stress in wheat,20573268,GUGGAGCUCCUAUCAUUCCAAUGAAGGGUCUACCGAAGGGUUUGUGCAGCUGCUUGUUCAUGGUUCCCACUAUCCUAUCUCCAUUAGAAUACGAGGAGAUAGGCUUGUGGUUUGCAUGACCGAGGAGCCGCUUCGAUCCCUCGCUGACCGCUGUUUGGAUUGAAGGGAGCUCUGCAU,,UUGGAUUGAAGGGAGCUCUGC,UUGGAUUGAAGGGAGCUCUGC,.....................,,,,,,MYB transcription factor,,,154,174
abiotic,Heat,miRNA,tae-miR160,qRT-PCR,Triticum aestivum,up-regulation,Diverse set of microRNAs are responsive to powdery mildew infection and heat stress in wheat,20573268,AGAGGUGAAAACAAUGGGAUAUGCCUGGCUCCCUGUAUGCCACUCGCGUAGCUGCCAACUCCCCAAACCUUGCGUUGGCUCUACCGCGGAUGGCGUGCGAGGAGCCAAGCAUGACCGUCUCUCUCUCUCUCUCUCUCUCUCUCUCUC,(((((.((.....((((..(((((.(((((((.(((((((((.((((((((..((((((..............)))))).))).))))).))))))))).))))))).))))).)))).....))))))).................,UGCCUGGCUCCCUGUAUGCCA,UGCCUGGCUCCCUGUAUGCCA,....((((.........)))),,,,,,Auxin response factor,,,22,42
abiotic,Heat,miRNA,tae-miR169,qRT-PCR,Triticum aestivum,up-regulation,Diverse set of microRNAs are responsive to powdery mildew infection and heat stress in wheat,20573268,UGGGGGUAAGAGGCCAUCUUCGAUAGCCAAGGAUGAUUUGCCUGUGAAACUCCCUUGGCAGCCGAGCUCUCUGCCACAGAGAGCGGCGUCCGGCGGUUCCAUGGGCAAGUCACCCUGGGCUACCCGAAGUACCUCUUACCACACCCCAU,(((((((((((((....(((((.(((((.(((.(((((((((((((.((((.((..(((.(((..((((((((...)))))))))))))).)).)))).))))))))))))).))).)))))..)))))..))))))))....))))).,GGGCAAGUCACCCUGGGCUACC,GGGCAAGUCACCCUGGGCUACC,(((.......))).((....)),,,,,,CBF HAP2-like factor,,,103,124
abiotic,Heat,miRNA,tae-miR159,Northern Blot,Triticum aestivum,down-regulation,The microRNA156- SQUAMOSA PROMOTER BINDING PROTEIN - LIKE3 Module Regulates Ambient Temperature-Respon sive Flowering via FLOWERING LOCUS T in Arabidopsis,22427344,GUGGAGCUCCUAUCAUUCCAAUGAAGGGUCUACCGAAGGGUUUGUGCAGCUGCUUGUUCAUGGUUCCCACUAUCCUAUCUCCAUUAGAAUACGAGGAGAUAGGCUUGUGGUUUGCAUGACCGAGGAGCCGCUUCGAUCCCUCGCUGACCGCUGUUUGGAUUGAAGGGAGCUCUGCAU,,UUGGAUUGAAGGGAGCUCUGC,UUGGAUUGAAGGGAGCUCUGC,.....................,,,,,,MYB transcription factor,,,154,174
abiotic,Cold,miRNA,tae-miR167c,qRT-PCR,Triticum aestivum,up-regulation,Uncovering Small RNA-Mediated Responses to Cold Stress in a Wheat Thermosensitive Genic Male-Sterile Line by Deep Sequencing,22508932,CCUUUGCUGGUGUGAGAGACUGAAGCUGCCAGCAUGAUCUGCUCAUCCAGCAUGCGCCGAAACCGCGUUCGGUUGCGCGGGGUUAUCUUGGAAUUUUUGCUCCAUCAGAUCAUGCUGCAGCUUCAUUUUCUCACGGCCACCAACAGA,.(((((.((((((((((((.(((((((((.(((((((((((...((((.((..((((((((......))))).))))).)))).....((((........)))).)))))))))))))))))))).)))))))).)))).))).)).,GAAGCUGCCAGCAUGAUCUGCU,GAAGCUGCCAGCAUGAUCUGCU,.........((((.....)))),,,,,,ARF transcription factor,,,21,42
abiotic,Cold,miRNA,tae-miR396a,qRT-PCR,Triticum aestivum,down-regulation,Uncovering Small RNA-Mediated Responses to Cold Stress in a Wheat Thermosensitive Genic Male-Sterile Line by Deep Sequencing,22508932,GGCUUUCUUGAACUGUGAACUCGCGGGGAUGGGGAUUCCCUGGAUUGUGGCGCUCCUGCCUUCUCUUCGGCCGUCUCCGCCUGUUGAUGGUUCAAGAAAGCCC,,ACUGUGAACUCGCGGGGAUGG,ACUGUGAACUCGCGGGGAUGG,.(((((....)))))......,,,,,,GRL transcription factors; Rhodenase-like protein; Kinesin-like protein B,,,11,31
abiotic,Cold,miRNA,tae-miR1126,RT-qPCR ,Triticum aestivum,down-regulation,"MicroRNAs involving in cold, wounding and salt stresses in Triticum aestivum L",24735552,GUACUCUCUCCGUUCCUAAAUAUAAGUCUUUAUAGAAAUUCCACUAUGGACUACAUACGGAGCAAAAUAAAUGAAUCUACACUCUAAAAUGCAUCUACAUACAUUCGUAUGUGGUUCAUAGUAAAAUCUCUACAAAGACUUAUAUUUAGAAACGGAGGGAGUAU,,,,,,,,,,--,,,,
abiotic,Cold,miRNA,tae-miR159,RT-qPCR,Triticum aestivum,up-regulation,"MicroRNAs involving in cold, wounding and salt stresses in Triticum aestivum L",24735552,GUGGAGCUCCUAUCAUUCCAAUGAAGGGUCUACCGAAGGGUUUGUGCAGCUGCUUGUUCAUGGUUCCCACUAUCCUAUCUCCAUUAGAAUACGAGGAGAUAGGCUUGUGGUUUGCAUGACCGAGGAGCCGCUUCGAUCCCUCGCUGACCGCUGUUUGGAUUGAAGGGAGCUCUGCAU,,UUGGAUUGAAGGGAGCUCUGC,UUGGAUUGAAGGGAGCUCUGC,.....................,,,,,,MYB3 (TC368630),,,154,174
abiotic,Wounding,miRNA,tae-miR159,RT-qPCR,Triticum aestivum,up-regulation,"MicroRNAs involving in cold, wounding and salt stresses in Triticum aestivum L",24735552,GUGGAGCUCCUAUCAUUCCAAUGAAGGGUCUACCGAAGGGUUUGUGCAGCUGCUUGUUCAUGGUUCCCACUAUCCUAUCUCCAUUAGAAUACGAGGAGAUAGGCUUGUGGUUUGCAUGACCGAGGAGCCGCUUCGAUCCCUCGCUGACCGCUGUUUGGAUUGAAGGGAGCUCUGCAU,,UUGGAUUGAAGGGAGCUCUGC,UUGGAUUGAAGGGAGCUCUGC,.....................,,,,,,--,,,154,174
abiotic,Wounding,miRNA,tae-miR164,RT-qPCR,Triticum aestivum,down-regulation,"MicroRNAs involving in cold, wounding and salt stresses in Triticum aestivum L",24735552,GGUGGAGAAGCAGGGCACGUGCAUCCAUUUCCAGCUCGGCAUUCCCGGCGUCCGGCCGGCCGGCUGCCGCGGCCUUGCCUGGCUGGGUAGUGCGUCGCUCGAUCCGGCCGUGCGCCGGCGGCCGGCCCUUGCAUGCAUGUGCCUUUCUUCUCCACC,((((((((((.(((((((((((((.((......((.((((....(((((((.(((((((.((((((((.(((((......)))))))))))........))..))))))).)))))))..))))))...)).))))))))))))).)))))))))),UGGAGAAGCAGGGCACGUGCA,UGGAGAAGCAGGGCACGUGCA,.......(((.(...).))).,,,,,,--,,,3,23
abiotic,Wounding,miRNA,tae-miR167,RT-qPCR,Triticum aestivum,down-regulation,"MicroRNAs involving in cold, wounding and salt stresses in Triticum aestivum L",24735552,CUGCCCAAGGGAACGAGUGAAGCUGCCAGCAUGAUCUAGCUCCGAGUGAUCAAACAAGAAACGCUGCGGCAGCCUCACUUCUUCCCGCCGUUGGGCACAACUACUUCU,,GAAGCUGCCAGCAUGAUCUAG,GAAGCUGCCAGCAUGAUCUAG,...(((...))).........,,,,,,--,,,18,38
abiotic,Cold,miRNA,tae-miR169,RT-qPCR,Triticum aestivum,down-regulation,"MicroRNAs involving in cold, wounding and salt stresses in Triticum aestivum L",24735552,UGGGGGUAAGAGGCCAUCUUCGAUAGCCAAGGAUGAUUUGCCUGUGAAACUCCCUUGGCAGCCGAGCUCUCUGCCACAGAGAGCGGCGUCCGGCGGUUCCAUGGGCAAGUCACCCUGGGCUACCCGAAGUACCUCUUACCACACCCCAU,(((((((((((((....(((((.(((((.(((.(((((((((((((.((((.((..(((.(((..((((((((...)))))))))))))).)).)))).))))))))))))).))).)))))..)))))..))))))))....))))).,GGGCAAGUCACCCUGGGCUACC,GGGCAAGUCACCCUGGGCUACC,(((.......))).((....)),,,,,,--,,,103,124
abiotic,Cold,miRNA,tae-miR169,RT-qPCR ,Triticum aestivum,down-regulation,"MicroRNAs involving in cold, wounding and salt stresses in Triticum aestivum L",24735552,UGGGGGUAAGAGGCCAUCUUCGAUAGCCAAGGAUGAUUUGCCUGUGAAACUCCCUUGGCAGCCGAGCUCUCUGCCACAGAGAGCGGCGUCCGGCGGUUCCAUGGGCAAGUCACCCUGGGCUACCCGAAGUACCUCUUACCACACCCCAU,(((((((((((((....(((((.(((((.(((.(((((((((((((.((((.((..(((.(((..((((((((...)))))))))))))).)).)))).))))))))))))).))).)))))..)))))..))))))))....))))).,GGGCAAGUCACCCUGGGCUACC,GGGCAAGUCACCCUGGGCUACC,(((.......))).((....)),,,,,,--,,,103,124
abiotic,Cold,miRNA,tae-miR319,RT-qPCR,Triticum aestivum,up-regulation,"MicroRNAs involving in cold, wounding and salt stresses in Triticum aestivum L",24735552,AGUUUGAGGGAGCUCACUUCAGUCCACUCAUGGGAGGUAGCGGGGAUUGAACGAGCUGCCGACUCAUUCACUCGAGCACACAGUAGAUAUGAGACUAGUCCAGGGCAUACCAGUAUGUUACAAUAUGUACUGUGCGAAUGAGCGAAUGCAGCGGGAGAUUGUUCUCUCUUUCCUCCUCCAUGCUUGGACUGAAGGGAGCUCCCUCAUCUCU,....(((((((((((.((((((((((..(((((.(((.((.(((((..((((((.((.(((.(((((((.((((..(.(((((((.((((..(((.......((.....)).....)))...)))).))))))).)..)))).))))).))))).)).))))))..))))).))))))))))..)))))))))).))))))))))).....,UUGGACUGAAGGGAGCUCCCU,UUGGACUGAAGGGAGCUCCCU,.........((((....)))),,,,,,--,,,184,204
abiotic,Cold,miRNA,tae-miR398,RT-qPCR,Triticum aestivum,down-regulation,"MicroRNAs involving in cold, wounding and salt stresses in Triticum aestivum L",24735552,AUACGCGAGGAAAUUCCUGCGGGGUCGAACUGGGAACACAUGGGAUACGAACCGCUUGAUUGACGAGCGACUCUUAUCAACUCAUGUGUUCUCAGGUCGCCCCCGCUGGAGCCUCCUCGC,....(((((((..((((.((((((.(((.((((((((((((((((((.((..((((((.....))))))..)).))))...)))))))))))))).))).)))))).))))..))))))),UGUGUUCUCAGGUCGCCCCCG,UGUGUUCUCAGGUCGCCCCCG,..........((......)).,,,,,,cytosolic CSD gene,,,85,105
abiotic,Wounding,miRNA,tae-miR398,RT-qPCR,Triticum aestivum,down-regulation,"MicroRNAs involving in cold, wounding and salt stresses in Triticum aestivum L",24735552,AUACGCGAGGAAAUUCCUGCGGGGUCGAACUGGGAACACAUGGGAUACGAACCGCUUGAUUGACGAGCGACUCUUAUCAACUCAUGUGUUCUCAGGUCGCCCCCGCUGGAGCCUCCUCGC,....(((((((..((((.((((((.(((.((((((((((((((((((.((..((((((.....))))))..)).))))...)))))))))))))).))).)))))).))))..))))))),UGUGUUCUCAGGUCGCCCCCG,UGUGUUCUCAGGUCGCCCCCG,..........((......)).,,,,,,--,,,85,105
abiotic,Wounding,miRNA,tae-miR399,RT-qPCR,Triticum aestivum,up-regulation,"MicroRNAs involving in cold, wounding and salt stresses in Triticum aestivum L",24735552,UCGUGUGUGAAUCACAGGGCGCUUCUCCCUUGGCACGGUGGCAUGCAUGUACAUAUGAUGGUGGUAGCCUGGUGAGCGUGCGGUGCAGCUUGCUAGCAAGCCGUGCGUGCCAAAGGAGAAUUGCCC,...((((.....))))(((((.((((((.((((((((.((((.(((.............(((....)))((((((((.(((...)))))))))))))).))))..)))))))).)))))).))))),UGCCAAAGGAGAAUUGCCC,UGCCAAAGGAGAAUUGCCC,...................,,,,,,--,,,108,126
abiotic,Heat,miRNA,tae-miR1117,qRT-qPCR,Triticum aestivum,down-reglation(HD2985(thermotolerant)),Novel and conserved heat-responsive microRNAs in wheat (Triticum aestivum L.).,25480755,GUUUGAAAAUGGGACCUUUAGUACCGGUUCGUGGCACGAACCGGGACUAAAGGUCUCAACCCCAUUAGUUCCGGUUCGUGCCACAAACCGCGACUAAAAGGGAGGAGCUUUAGUCGC,..........((.((.....)).))((((.((((((((((((((((((((.((........)).)))))))))))))))))))).))))(((((((((.(.......)))))))))),UAGUACCGGUUCGUGGCACGAACC,UAGUACCGGUUCGUGGCACGAACC,.......(((((((...))))))),,,,,,--,,,,
abiotic,Heat,miRNA,tae-miR156,qRT-qPCR,Triticum aestivum,up-regualation(HD2985(thermotolerant)),Novel and conserved heat-responsive microRNAs in wheat (Triticum aestivum L.).,25480755,UCCUCUCUCUCUCUCUCUCUGCGUGUCGACCGUCUGCUGUGUCCGAUGGGAUCGGUCGGGGGCUGCGGUGGAGGGUUGAUGAUGGUGCGAAUGGCUGACAGAAGAGAGUGAGCACACAGCGGCAGACUACGUCUGGUAAAGAGGACGGAUGGAUGCGAAGAGAGAUAUAGACGCAGCUGCUGUUGCGUGCUCACCCUCUCUCUGUCAGCGUUCCGCCAUCAAUCAAUCUAUCCAUCCAUCUCCCCUUGCCGUUCCCAUCGCUUCGCAGCUCGACUGCC,....................(((.(((((......((((((..((((((((.((((.(((((.((.(((((((((((((((((((((.(((((.((((((((((((.((((((((.(((((((((.((.((((((..........((........))..........)))))).))))))))))).)))))))).)))).)))))))))))))))))))).)))))))).))))))))...))))).)))).))))))))...)))))))))))))).,UGACAGAAGAGAGUGAGCACA,UGACAGAAGAGAGUGAGCACA,.....................,,,,,,--,,,96,116
abiotic,Heat,miRNA,tae-miR159a,qRT-qPCR,Triticum aestivum,down-regulation(HD2985(thermotolerant)),Novel and conserved heat-responsive microRNAs in wheat (Triticum aestivum L.).,25480755,GUGGAGCUCCUAUCAUUCCAAUGAAGGGUCUACCGAAGGGUUUGUGCAGCUGCUUGUUCAUGGUUCCCACUAUCCUAUCUCCAUUAGAAUACGAGGAGAUAGGCUUGUGGUUUGCAUGACCGAGGAGCCGCUUCGAUCCCUCGCUGACCGCUGUUUGGAUUGAAGGGAGCUCUGCAU,(((((((((((.(((.(((((...((((((...(((.(((.(((.((.(((.((((.(((((....((((...(((((((((............)))))))))...))))....))))).)))).))).))..))).))))))..)))).))..))))).))).)))))))))))..,UUUGGAUUGAAGGGAGCUCUG,UUUGGAUUGAAGGGAGCUCUG,.....................,,,,,,--,,,154,174
abiotic,Heat,miRNA,tae-miR160,qRT-qPCR,Triticum aestivum,down-regulation(HD2985(thermotolerant)),Novel and conserved heat-responsive microRNAs in wheat (Triticum aestivum L.).,25480755,AGAGGUGAAAACAAUGGGAUAUGCCUGGCUCCCUGUAUGCCACUCGCGUAGCUGCCAACUCCCCAAACCUUGCGUUGGCUCUACCGCGGAUGGCGUGCGAGGAGCCAAGCAUGACCGUCUCUCUCUCUCUCUCUCUCUCUCUCUCUC,(((((.((.....((((..(((((.(((((((.(((((((((.((((((((..((((((..............)))))).))).))))).))))))))).))))))).))))).)))).....))))))).................,UGCCUGGCUCCCUGUAUGCCA,UGCCUGGCUCCCUGUAUGCCA,....((((.........)))),,,,,,--,,,22,42
abiotic,Heat,miRNA,tae-miR164,qRT-qPCR,Triticum aestivum,down-regulation(HD2985(thermotolerant)),Novel and conserved heat-responsive microRNAs in wheat (Triticum aestivum L.).,25480755,GGUGGAGAAGCAGGGCACGUGCAUCCAUUUCCAGCUCGGCAUUCCCGGCGUCCGGCCGGCCGGCUGCCGCGGCCUUGCCUGGCUGGGUAGUGCGUCGCUCGAUCCGGCCGUGCGCCGGCGGCCGGCCCUUGCAUGCAUGUGCCUUUCUUCUCCACC,((((((((((.(((((((((((((.((......((.((((....(((((((.(((((((.((((((((.(((((......)))))))))))........))..))))))).)))))))..))))))...)).))))))))))))).)))))))))),UGGAGAAGCAGGGCACGUGCA,UGGAGAAGCAGGGCACGUGCA,.......(((.(...).))).,,,,,,--,,,3,23
abiotic,Heat,miRNA,tae-miR319,qRT-qPCR,Triticum aestivum,down-regulation(HD2985(thermotolerant)),Novel and conserved heat-responsive microRNAs in wheat (Triticum aestivum L.).,25480755,AGUUUGAGGGAGCUCACUUCAGUCCACUCAUGGGAGGUAGCGGGGAUUGAACGAGCUGCCGACUCAUUCACUCGAGCACACAGUAGAUAUGAGACUAGUCCAGGGCAUACCAGUAUGUUACAAUAUGUACUGUGCGAAUGAGCGAAUGCAGCGGGAGAUUGUUCUCUCUUUCCUCCUCCAUGCUUGGACUGAAGGGAGCUCCCUCAUCUCU,....(((((((((((.((((((((((..(((((.(((.((.(((((..((((((.((.(((.(((((((.((((..(.(((((((.((((..(((.......((.....)).....)))...)))).))))))).)..)))).))))).))))).)).))))))..))))).))))))))))..)))))))))).))))))))))).....,UUGGACUGAAGGGAGCUCCCU,UUGGACUGAAGGGAGCUCCCU,.........((((....)))),,,,,,--,,,184,204
abiotic,Heat,miRNA,tae-miR398,qRT-qPCR,Triticum aestivum,up-regulation(HD2985(thermotolerant)),Novel and conserved heat-responsive microRNAs in wheat (Triticum aestivum L.).,25480755,AUACGCGAGGAAAUUCCUGCGGGGUCGAACUGGGAACACAUGGGAUACGAACCGCUUGAUUGACGAGCGACUCUUAUCAACUCAUGUGUUCUCAGGUCGCCCCCGCUGGAGCCUCCUCGC,....(((((((..((((.((((((.(((.((((((((((((((((((.((..((((((.....))))))..)).))))...)))))))))))))).))).)))))).))))..))))))),UGUGUUCUCAGGUCGCCCCCG,UGUGUUCUCAGGUCGCCCCCG,..........((......)).,,,,,,--,,,85,105
abiotic,Heat,miRNA,tae-miR167b,qRT-PCR,Triticum aestivum,down-regulation,Microarray and genetic analysis reveals that csa-miR159b plays a critical role in abscisic acid-mediated heat tolerance in grafted cucumber plants.,27037862,CUGCCCAAGGGAACGAGUGAAGCUGACAGCAUGAUCUAUCUCCGAGUGAUCAAACAAGAAACGCUGCGGCAGCCUCACUUCUUCCCGGCG,..(((...(((((.((((((.((((.((((.(((((..((...))..)))))..........))))...)))).)))))).)))))))).,UGAAGCUGACAGCAUGAUCUA,UGAAGCUGACAGCAUGAUCUA,....(((...)))........,,,,,,--,,,18,38
abiotic,Osmotic Stress,miRNA,tae-miR159a,qRT-PCR,Triticum aestivum,down-regulation,Comparative Temporal Expression Analysis of MicroRNAs and Their Target Genes in Contrasting Wheat Genotypes During Osmotic Stress.,27663608,GUGGAGCUCCUAUCAUUCCAAUGAAGGGUCUACCGAAGGGUUUGUGCAGCUGCUUGUUCAUGGUUCCCACUAUCCUAUCUCCAUUAGAAUACGAGGAGAUAGGCUUGUGGUUUGCAUGACCGAGGAGCCGCUUCGAUCCCUCGCUGACCGCUGUUUGGAUUGAAGGGAGCUCUGCAU,(((((((((((.(((.(((((...((((((...(((.(((.(((.((.(((.((((.(((((....((((...(((((((((............)))))))))...))))....))))).)))).))).))..))).))))))..)))).))..))))).))).)))))))))))..,UUUGGAUUGAAGGGAGCUCUG,UUUGGAUUGAAGGGAGCUCUG,.....................,,,,,,MYB,,,154,174
abiotic,Osmotic Stress,miRNA,tae-miR164,qRT-PCR,Triticum aestivum,down-regulation,Comparative Temporal Expression Analysis of MicroRNAs and Their Target Genes in Contrasting Wheat Genotypes During Osmotic Stress.,27663608,GGUGGAGAAGCAGGGCACGUGCAUCCAUUUCCAGCUCGGCAUUCCCGGCGUCCGGCCGGCCGGCUGCCGCGGCCUUGCCUGGCUGGGUAGUGCGUCGCUCGAUCCGGCCGUGCGCCGGCGGCCGGCCCUUGCAUGCAUGUGCCUUUCUUCUCCACC,((((((((((.(((((((((((((.((......((.((((....(((((((.(((((((.((((((((.(((((......)))))))))))........))..))))))).)))))))..))))))...)).))))))))))))).)))))))))),UGGAGAAGCAGGGCACGUGCA,UGGAGAAGCAGGGCACGUGCA,.......(((.(...).))).,,,,,,NAC,,,3,23
abiotic,Osmotic Stress,miRNA,tae-miR398,qRT-PCR,Triticum aestivum,down-regulation,Comparative Temporal Expression Analysis of MicroRNAs and Their Target Genes in Contrasting Wheat Genotypes During Osmotic Stress.,27663608,AUACGCGAGGAAAUUCCUGCGGGGUCGAACUGGGAACACAUGGGAUACGAACCGCUUGAUUGACGAGCGACUCUUAUCAACUCAUGUGUUCUCAGGUCGCCCCCGCUGGAGCCUCCUCGC,....(((((((..((((.((((((.(((.((((((((((((((((((.((..((((((.....))))))..)).))))...)))))))))))))).))).)))))).))))..))))))),UGUGUUCUCAGGUCGCCCCCG,UGUGUUCUCAGGUCGCCCCCG,..........((......)).,,,,,,SOD,,,85,105
abiotic,Cold,miRNA,tae-miR156,qRT-PCR,Triticum aestivum,down-regulation,Response of microRNAs to cold treatment in the young spikes of common wheat.,28241738,UCCUCUCUCUCUCUCUCUCUGCGUGUCGACCGUCUGCUGUGUCCGAUGGGAUCGGUCGGGGGCUGCGGUGGAGGGUUGAUGAUGGUGCGAAUGGCUGACAGAAGAGAGUGAGCACACAGCGGCAGACUACGUCUGGUAAAGAGGACGGAUGGAUGCGAAGAGAGAUAUAGACGCAGCUGCUGUUGCGUGCUCACCCUCUCUCUGUCAGCGUUCCGCCAUCAAUCAAUCUAUCCAUCCAUCUCCCCUUGCCGUUCCCAUCGCUUCGCAGCUCGACUGCC,....................(((.(((((......((((((..((((((((.((((.(((((.((.(((((((((((((((((((((.(((((.((((((((((((.((((((((.(((((((((.((.((((((..........((........))..........)))))).))))))))))).)))))))).)))).)))))))))))))))))))).)))))))).))))))))...))))).)))).))))))))...)))))))))))))).,UGACAGAAGAGAGUGAGCACA,UGACAGAAGAGAGUGAGCACA,.....................,,,,,,--,,,96,116
abiotic,Cold,miRNA,tae-miR159a,qRT-PCR,Triticum aestivum,up-regulation,Response of microRNAs to cold treatment in the young spikes of common wheat.,28241738,GUGGAGCUCCUAUCAUUCCAAUGAAGGGUCUACCGAAGGGUUUGUGCAGCUGCUUGUUCAUGGUUCCCACUAUCCUAUCUCCAUUAGAAUACGAGGAGAUAGGCUUGUGGUUUGCAUGACCGAGGAGCCGCUUCGAUCCCUCGCUGACCGCUGUUUGGAUUGAAGGGAGCUCUGCAU,(((((((((((.(((.(((((...((((((...(((.(((.(((.((.(((.((((.(((((....((((...(((((((((............)))))))))...))))....))))).)))).))).))..))).))))))..)))).))..))))).))).)))))))))))..,UUUGGAUUGAAGGGAGCUCUG,UUUGGAUUGAAGGGAGCUCUG,.....................,,,,,,--,,,154,174
abiotic,Cold,miRNA,tae-miR169,qRT-PCR,Triticum aestivum,down-regulation,Response of microRNAs to cold treatment in the young spikes of common wheat.,28241738,UGGGGGUAAGAGGCCAUCUUCGAUAGCCAAGGAUGAUUUGCCUGUGAAACUCCCUUGGCAGCCGAGCUCUCUGCCACAGAGAGCGGCGUCCGGCGGUUCCAUGGGCAAGUCACCCUGGGCUACCCGAAGUACCUCUUACCACACCCCAU,(((((((((((((....(((((.(((((.(((.(((((((((((((.((((.((..(((.(((..((((((((...)))))))))))))).)).)))).))))))))))))).))).)))))..)))))..))))))))....))))).,GGGCAAGUCACCCUGGGCUACC,GGGCAAGUCACCCUGGGCUACC,(((.......))).((....)),,,,,,--,,,103,124
abiotic,Cold,miRNA,tae-miR171a,qRT-PCR,Triticum aestivum,down-regulation,Response of microRNAs to cold treatment in the young spikes of common wheat.,28241738,UGGAAUGGUCACUAUGAUGUUGGCUCGACUCACUCAGACCACGCCUGCCGGCCGGCCGUAGCCAUGCAUCUGCAUGCGGUGGUGGCUCUGAUUGAGCCGUGCCAAUAUCUCAGUGCUCUUUCAUGCAUGC,(((((.((.((((..(((((((((.((.((((.((((((((((((....)))..((((....(((((....))))))))).)))).))))).)))).)).)))))))))..)))))).))))).......,UGAUUGAGCCGUGCCAAUAUC,UGAUUGAGCCGUGCCAAUAUC,..((((.((...))))))...,,,,,,--,,,89,109
abiotic,Drought,miRNA,tae-miR5085,high-throughput sequencing and RT-qPCR,Triticum aestivum,--,Novel Insights into miRNA Regulation of Storage Protein Biosynthesis during Wheat Caryopsis Development under Drought Stress.,29046684,UAAAGUGAAAAAGGACAUUUUUUGUGGCCUGUGUAAAAAAGACAAUUUUCGACGCUUAAUUACAACUAUUCACGAGGCAUUUUUUUAUCUUUUUAUACAUGCCACAAACAAUGUCCCUUUUCACCGAA,....(((((((.(((((((.((((((((.((((((((((.((.((.....((.((((.................)))).))...)).)))))))))))).)))))))).))))))).)))))))....,AAGGACAUUUUUUGUGGCCUG,AAGGACAUUUUUUGUGGCCUG,.(((.(((.....))).))).,,,,,,--,,,11,31
abiotic,Drought,miRNA,tae-miR5200,high-throughput sequencing and RT-qPCR,Triticum aestivum,--,Novel Insights into miRNA Regulation of Storage Protein Biosynthesis during Wheat Caryopsis Development under Drought Stress.,29046684,ACUAAUUAAGCCUUAGUGAAUAUCUACACUAGUAAGUUUUUCUUCAUGUUUGAAAUGCUUAGCAUUGUAGAUACUCCCUAAGGCUUGGGUGGU,((((.(((((((((((.((.((((((((....(((((.((((.........)))).)))))....)))))))).)).))))))))))).)))),UGUAGAUACUCCCUAAGGCUU,UGUAGAUACUCCCUAAGGCUU,.....................,,,,,,--,,,66,86
abiotic,Drought,miRNA,tae-miR6197,high-throughput sequencing and RT-qPCR,Triticum aestivum,--,Novel Insights into miRNA Regulation of Storage Protein Biosynthesis during Wheat Caryopsis Development under Drought Stress.,29046684,AAGUACUCCCUCUGUAAACAAAUGUAGGACGUUUUUGCAGUUUAAAUUAAACUGCUAAAACAUCUUACAUUUGUGUACAGAGGGAAUAUAU,..(((.((((((((((.((((((((((((.(((((.((((((((...)))))))).))))).)))))))))))).)))))))))).)))..,CUGUAAACAAAUGUAGGACGU,CUGUAAACAAAUGUAGGACGU,.....................,,,,,,--,,,11,31
abiotic,Drought,miRNA,tae-miR9654a-3p,high-throughput sequencing and RT-qPCR,Triticum aestivum,up-regulation,Novel Insights into miRNA Regulation of Storage Protein Biosynthesis during Wheat Caryopsis Development under Drought Stress.,29046684,UGCACGUUGGUUCGCUUCAAGCCUUGUGGAAUAGGGUAGACUGCAUGGAGCUAUGUGCAGUGCAGUUUACACUAUUCUGAAAGGCUUGAAGCGAAUUAACUAGCAU,,UUCUGAAAGGCUUGAAGCGAAU,UUCUGAAAGGCUUGAAGCGAAU,.........(((...)))....,,,,,,--,,,75,96
abiotic,Phosphate-deficiency,miRNA,tae-miR408,qRT-PCR,Triticum aestivum,up-regulation,Wheat miRNA TaemiR408 Acts as an Essential Mediator in Plant Tolerance to Pi Deprivation and Salt Stress via Modulating Stress-Associated Physiological Processes.,29720988,AUUUUGUGAGUGGAGAGGGGGGAGGAGACAGGGAUGGAGCAGAGCAAGGGAUGAGGCAAGCAACAAAAUUUACCACCUGAUUAUGAGAAGAGGGAGAGAGUUGCCAGAGCUUCUGUUGCUGUUGUUGCUCCCUCCCUGCACUGCCUCUUCCCUGGCUCCCCUCCCAAAUCUCUCCCUCCCCCUCUCU,...........(((((((((((.(((((..((((.((....((((.(((((.((((((.((..((.((((........)))).)).....((((((.((((.((.(.(((.......))).).)).)))).))))))))..)))))).))))).)))))).)))).....))))).))))))))))),CUGCACUGCCUCUUCCCUGGC,CUGCACUGCCUCUUCCCUGGC,.......(((........))),,,,,,--,,,136,156
abiotic,Phosphate-deficiency,miRNA,tae-miR1139,qRT-PCR,Triticum aestivum,down-regulation,"TaMIR1139: a wheat miRNA responsive to Pi-starvation, acts a critical mediator in modulating plant tolerance to Pi deprivation.",29947952,GCCACAGUGGAGAGUAACAUACACUAGUAACAUACACAUAUCCCUAGAACUAUAUAACUACCUUCAUAGUGGGUAGCAACAUAAGUGUGGUAUCAUGCAAAGCUUCAUUUAUUAGGUUAUAGACUCAUAUUGCAUUGGGACAUGUGAUGUUAUAGUAACUAGCUAAGUUACUCAAACUACCUCUCUCCUCGAUGUUACUAUUGAAGUUACUCCCACU,.....(((((.(((((((.(.((.(((((((((.(((((.((((..(((((((((..((((((.......))))))........))))))).))((((((.......(((((......)))))......)))))).)))).)))))..(((..(((((((.....)))))))..)))..............))))))))).))).)))))))))))),AGAGUAACAUACACUAGUAACA,AGAGUAACAUACACUAGUAACA,......................,,,,,,TaPK2;TaTT,,,11,32
abiotic,Alkalinity,miRNA,tae-miR167a,qRT-PCR,Triticum aestivum,up-regulation,Small RNA and degradome sequencing used to elucidate the basis of tolerance to salinity and alkalinity in wheat.,30219055,CUGCCCAAGGGAACGAGUGAAGCUGCCAGCAUGAUCUAGCUCCGAGUGAUCAAACAAGAAACGCUGCGGCAGCCUCACUUCUUCCCGCCGUUGGGCACAACUACUUCU,.((((((((((((.((((((.((((((.((((((((...........)))))............))))))))).)))))).)))))....)))))))...........,UGAAGCUGCCAGCAUGAUCUA,UGAAGCUGCCAGCAUGAUCUA,....(((...)))........,,,,,,--,,,18,38
abiotic,Salt,miRNA,tae-miR167a,qRT-PCR,Triticum aestivum,up-regulation,Small RNA and degradome sequencing used to elucidate the basis of tolerance to salinity and alkalinity in wheat.,30219055,CUGCCCAAGGGAACGAGUGAAGCUGCCAGCAUGAUCUAGCUCCGAGUGAUCAAACAAGAAACGCUGCGGCAGCCUCACUUCUUCCCGCCGUUGGGCACAACUACUUCU,.((((((((((((.((((((.((((((.((((((((...........)))))............))))))))).)))))).)))))....)))))))...........,UGAAGCUGCCAGCAUGAUCUA,UGAAGCUGCCAGCAUGAUCUA,....(((...)))........,,,,,,--,,,18,38
abiotic,Alkalinity,miRNA,tae-miR319,qRT-PCR,Triticum aestivum,down-regulation,Small RNA and degradome sequencing used to elucidate the basis of tolerance to salinity and alkalinity in wheat.,30219055,AGUUUGAGGGAGCUCACUUCAGUCCACUCAUGGGAGGUAGCGGGGAUUGAACGAGCUGCCGACUCAUUCACUCGAGCACACAGUAGAUAUGAGACUAGUCCAGGGCAUACCAGUAUGUUACAAUAUGUACUGUGCGAAUGAGCGAAUGCAGCGGGAGAUUGUUCUCUCUUUCCUCCUCCAUGCUUGGACUGAAGGGAGCUCCCUCAUCUCU,....(((((((((((.((((((((((..(((((.(((.((.(((((..((((((.((.(((.(((((((.((((..(.(((((((.((((..(((.......((.....)).....)))...)))).))))))).)..)))).))))).))))).)).))))))..))))).))))))))))..)))))))))).))))))))))).....,UUGGACUGAAGGGAGCUCCCU,UUGGACUGAAGGGAGCUCCCU,.........((((....)))),,,,,,--,,,184,204
abiotic,Salt,miRNA,tae-miR319,qRT-PCR,Triticum aestivum,down-regulation,Small RNA and degradome sequencing used to elucidate the basis of tolerance to salinity and alkalinity in wheat.,30219055,AGUUUGAGGGAGCUCACUUCAGUCCACUCAUGGGAGGUAGCGGGGAUUGAACGAGCUGCCGACUCAUUCACUCGAGCACACAGUAGAUAUGAGACUAGUCCAGGGCAUACCAGUAUGUUACAAUAUGUACUGUGCGAAUGAGCGAAUGCAGCGGGAGAUUGUUCUCUCUUUCCUCCUCCAUGCUUGGACUGAAGGGAGCUCCCUCAUCUCU,....(((((((((((.((((((((((..(((((.(((.((.(((((..((((((.((.(((.(((((((.((((..(.(((((((.((((..(((.......((.....)).....)))...)))).))))))).)..)))).))))).))))).)).))))))..))))).))))))))))..)))))))))).))))))))))).....,UUGGACUGAAGGGAGCUCCCU,UUGGACUGAAGGGAGCUCCCU,.........((((....)))),,,,,,--,,,184,204
abiotic,Alkalinity,miRNA,tae-miR9652,qRT-PCR,Triticum aestivum,up-regulation,Small RNA and degradome sequencing used to elucidate the basis of tolerance to salinity and alkalinity in wheat.,30219055,CUAUUGAGAUGUGUUUGUCACCUGUUUGUCAUUAAGUUUCUUAGUGCCUUUGCCAUCUUAGUGAAGGGUCAAAAGGUACUUAGAAGCUUAAUGAGAACAUGUGACAAACGUACUUCGAGGCGGA,...(((((.((((((((((((.(((((.(((((((((((((.((((((((((((.((.....))..)))..))))))))).)))))))))))))))))).)))))))))))).)))))......,CUGUUUGUCAUUAAGUUUCUUA,CUGUUUGUCAUUAAGUUUCUUA,......................,,,,,,--,,,21,42
abiotic,Salt,miRNA,tae-miR9652,qRT-PCR,Triticum aestivum,up-regulation,Small RNA and degradome sequencing used to elucidate the basis of tolerance to salinity and alkalinity in wheat.,30219055,CUAUUGAGAUGUGUUUGUCACCUGUUUGUCAUUAAGUUUCUUAGUGCCUUUGCCAUCUUAGUGAAGGGUCAAAAGGUACUUAGAAGCUUAAUGAGAACAUGUGACAAACGUACUUCGAGGCGGA,...(((((.((((((((((((.(((((.(((((((((((((.((((((((((((.((.....))..)))..))))))))).)))))))))))))))))).)))))))))))).)))))......,CUGUUUGUCAUUAAGUUUCUUA,CUGUUUGUCAUUAAGUUUCUUA,......................,,,,,,--,,,21,42
abiotic,Salt,miRNA,tae-miR1124,qRT-PCR,Triticum aestivum,up-regulation,Expression pattern of wheat miRNAs under salinity stress and prediction of salt-inducible miRNAs targets,https://link.springer.com/article/10.1007/s11703-011-1133-z,AUUACAUGACUCAAAGGAACGGCCCUGGGAGCUCGAUCCUUCUCACAUCCCGCCACGCCAUUGUCGCGUCCAUCCCCACGACGCAGGACGUGAAGAGCGAGUCCAAGGCCGGAAGCUAGACUCGGUACU,CAGGACGUGAAGAGCGAGUCCA,AUUACAUGACUCAAAGGAACGGCCCUGGGAGCUCGAUCCUUCUCACAUCCCGCCACGCCAUUGUCGCGUCCAUCCCCACGACGCAGGACGUGAAGAGCGAGUCCAAGGCCGGAAGCUAGACUCGGUACU,..((((.((.....)).)))).,,,,,,Serine carboxypeptidase family protein,,,83,104,
abiotic,Salt,miRNA,tae-miR1133,qRT-PCR,Triticum aestivum,up-regulation,Expression pattern of wheat miRNAs under salinity stress and prediction of salt-inducible miRNAs targets,https://link.springer.com/article/10.1007/s11703-011-1133-z,ACUUCUUAGUGAUAGUGGUCAAUUACAUCAUAUACUCCCUCCGUCCGAAAAAGUUUGUCCCAAGCUUGUUCCUCAAAUGGAUGUAUCUAGCACUAACUUGAUGCUACAUACAUUCAUUUGAGGGACACGCUUUUUCGGAUGGAGGGAGUAGUAAUUUUGAUAUACACACUGAAGUUGCUA,AUAUACUCCCUCCGUCCGAAAA,ACUUCUUAGUGAUAGUGGUCAAUUACAUCAUAUACUCCCUCCGUCCGAAAAAGUUUGUCCCAAGCUUGUUCCUCAAAUGGAUGUAUCUAGCACUAACUUGAUGCUACAUACAUUCAUUUGAGGGACACGCUUUUUCGGAUGGAGGGAGUAGUAAUUUUGAUAUACACACUGAAGUUGCUA,......................,,,,,,Pentatricopeptide (PPR) repeat-containing protein,,,29,50,
abiotic,Salt,miRNA,tae-miR160,qRT-PCR,Triticum aestivum,up-regulation,Expression pattern of wheat miRNAs under salinity stress and prediction of salt-inducible miRNAs targets,https://link.springer.com/article/10.1007/s11703-011-1133-z,AGAGGUGAAAACAAUGGGAUAUGCCUGGCUCCCUGUAUGCCACUCGCGUAGCUGCCAACUCCCCAAACCUUGCGUUGGCUCUACCGCGGAUGGCGUGCGAGGAGCCAAGCAUGACCGUCUCUCUCUCUCUCUCUCUCUCUCUCUCUC,GCCUGGCUCCCUGUAUGCCAC,AGAGGUGAAAACAAUGGGAUAUGCCUGGCUCCCUGUAUGCCACUCGCGUAGCUGCCAACUCCCCAAACCUUGCGUUGGCUCUACCGCGGAUGGCGUGCGAGGAGCCAAGCAUGACCGUCUCUCUCUCUCUCUCUCUCUCUCUCUCUC,...((((.........)))).,,,,,,Auxin response factor,,,22,42,
abiotic,Salt,miRNA,tae-miR167,qRT-PCR,Triticum aestivum,up-regulation,Expression pattern of wheat miRNAs under salinity stress and prediction of salt-inducible miRNAs targets,https://link.springer.com/article/10.1007/s11703-011-1133-z,CUGCCCAAGGGAACGAGUGAAGCUGCCAGCAUGAUCUAGCUCCGAGUGAUCAAACAAGAAACGCUGCGGCAGCCUCACUUCUUCCCGCCGUUGGGCACAACUACUUCU,GAAGCUGCCAGCAUGAUCUAG,CUGCCCAAGGGAACGAGUGAAGCUGCCAGCAUGAUCUAGCUCCGAGUGAUCAAACAAGAAACGCUGCGGCAGCCUCACUUCUUCCCGCCGUUGGGCACAACUACUUCU,...(((...))).........,,,,,,putative auxin response transcription factor (ARF6),,,18,38,
abiotic,Salt,miRNA,tae-miR399,qRT-PCR,Triticum aestivum,up-regulation,Expression pattern of wheat miRNAs under salinity stress and prediction of salt-inducible miRNAs targets,https://link.springer.com/article/10.1007/s11703-011-1133-z,UCGUGUGUGAAUCACAGGGCGCUUCUCCCUUGGCACGGUGGCAUGCAUGUACAUAUGAUGGUGGUAGCCUGGUGAGCGUGCGGUGCAGCUUGCUAGCAAGCCGUGCGUGCCAAAGGAGAAUUGCCC,GCCAAAGGAGAAUUGCCC,UCGUGUGUGAAUCACAGGGCGCUUCUCCCUUGGCACGGUGGCAUGCAUGUACAUAUGAUGGUGGUAGCCUGGUGAGCGUGCGGUGCAGCUUGCUAGCAAGCCGUGCGUGCCAAAGGAGAAUUGCCC,..................,,,,,,E2 conjugase PHO2; ATP-dependent RNA helicase; Pro-rich protein,,,108,126,
abiotic,Salt,miRNA,tae-miR408,qRT-PCR,Triticum aestivum,up-regulation,Expression pattern of wheat miRNAs under salinity stress and prediction of salt-inducible miRNAs targets,https://link.springer.com/article/10.1007/s11703-011-1133-z,AUUUUGUGAGUGGAGAGGGGGGAGGAGACAGGGAUGGAGCAGAGCAAGGGAUGAGGCAAGCAACAAAAUUUACCACCUGAUUAUGAGAAGAGGGAGAGAGUUGCCAGAGCUUCUGUUGCUGUUGUUGCUCCCUCCCUGCACUGCCUCUUCCCUGGCUCCCCUCCCAAAUCUCUCCCUCCCCCUCUCU,UGCACUGCCUCUUCCCUGGCU,AUUUUGUGAGUGGAGAGGGGGGAGGAGACAGGGAUGGAGCAGAGCAAGGGAUGAGGCAAGCAACAAAAUUUACCACCUGAUUAUGAGAAGAGGGAGAGAGUUGCCAGAGCUUCUGUUGCUGUUGUUGCUCCCUCCCUGCACUGCCUCUUCCCUGGCUCCCCUCCCAAAUCUCUCCCUCCCCCUCUCU,......(((........))).,,,,,,Peptide chain release factor; plantacyanin,,,136,156,
